title,price_inr
The Death of Humanity: and the Case for Life,6130.6
Slow States of Collapse: Poems,6046.2
"Our Band Could Be Your Life: Scenes from the American Indie Underground, 1981-1991",6039.88
The Past Never Ends,5960.75
"The Pioneer Woman Cooks: Dinnertime: Comfort Classics, Freezer Food, 16-Minute Meals, and Other Delicious Ways to Solve Supper!",5951.25
Masks and Shadows,5950.2
The Secret of Dreadwillow Carse,5921.72
The Electric Pencil: Drawings from Inside State Hospital No. 3,5914.33
Birdsong: A Story in Pictures,5764.52
Sapiens: A Brief History of Humankind,5721.26
