category_name,title,rating,price_inr
History,Sapiens: A Brief History of Humankind,5,5721.26
Sequential Art,Scott Pilgrim's Precious Little Life (Scott Pilgrim #1),5,5516.6
Fiction,"We Love You, Charlie Freeman",5,5303.48
Fiction,Private Paris (Private #10),5,5022.85
Nonfiction,Worlds Elsewhere: Journeys Around Shakespeareâs Globe,5,4251.65
Science Fiction,Join,5,3763.19
Music,Rip it Up and Start Again,5,3694.61
Romance,Black Dust,5,3642.92
Spirituality,The Activist's Tao Te Ching: Ancient Advice for a Modern Revolution,5,3401.32
Romance,Chase Me (Paris Nights #2),5,2665.98
